{
    "name": "sky:tropical/island",
    "fallback": "minecraft:empty",
    "elements": [
      {
        "weight": 1,
        "element": {
          "element_type": "minecraft:legacy_single_pool_element",
          "projection": "rigid",
          "location": "sky:tropical/island/island_1",
          "processors": "sky:tropical"
        }
      },
      {
        "weight": 1,
        "element": {
          "element_type": "minecraft:legacy_single_pool_element",
          "projection": "rigid",
          "location": "sky:tropical/island/island_2",
          "processors": "sky:tropical"
        }
      },
      {
        "weight": 1,
        "element": {
          "element_type": "minecraft:legacy_single_pool_element",
          "projection": "rigid",
          "location": "sky:tropical/island/island_3",
          "processors": "sky:tropical"
        }
      },
      {
        "weight": 1,
        "element": {
          "element_type": "minecraft:legacy_single_pool_element",
          "projection": "rigid",
          "location": "sky:tropical/island/island_4",
          "processors": "sky:tropical"
        }
      }
    ]
  }