{
  "name": "apollo:campsite/tent",
  "fallback": "minecraft:empty",
  "elements": [
    {
      "weight": 1,
      "element": {
        "element_type": "minecraft:empty_pool_element",
        "projection": "rigid"
      }
    },
    {
      "weight": 1,
      "element": {
        "element_type": "minecraft:single_pool_element",
        "projection": "rigid",
        "location": "apollo:campsite/tent",
        "processors": "apollo:campsite/white_wool"
      }
    },
    {
      "weight": 1,
      "element": {
        "element_type": "minecraft:single_pool_element",
        "projection": "rigid",
        "location": "apollo:campsite/test",
        "processors": "apollo:campsite/black_wool"
      }
    },
    {
      "weight": 1,
      "element": {
        "element_type": "minecraft:single_pool_element",
        "projection": "rigid",
        "location": "apollo:campsite/tent",
        "processors": "apollo:campsite/gray_wool"
      }
    },
    {
      "weight": 1,
      "element": {
        "element_type": "minecraft:single_pool_element",
        "projection": "rigid",
        "location": "apollo:campsite/tent",
        "processors": "apollo:campsite/light_gray_wool"
      }
    }
  ]
}
