{
  "structures": [
    {
      "structure": "sky:temperate",
      "weight": 1
    },
    {
      "structure": "sky:tropical",
      "weight": 1
    },
    {
      "structure": "sky:dry",
      "weight": 1
    },
    {
      "structure": "sky:ocean",
      "weight": 1
    },
    {
      "structure": "sky:polar",
      "weight": 1
    },
    {
      "structure": "sky:mountainous",
      "weight": 1
    }
  ],
  "placement": {
    "type": "minecraft:random_spread",
    "spacing": 18,
    "separation": 5,
    "salt": 898316542,
    "spread_type": "triangular"
  }
}