{
    "type": "minecraft:jigsaw",
    "biomes": "#minecraft:has_structure/ancient_city",
    "step": "underground_structures",
    "spawn_overrides": {},
    "terrain_adaptation": "bury",
    "start_pool": "apollo:biome_specifics/deep_dark/warden_cabin",
    "size": 6,
    "start_height": {
      "type": "minecraft:uniform",
      "min_inclusive": {
        "absolute": -48
      },
      "max_inclusive": {
        "absolute": -16
      }
    },
    "max_distance_from_center": 80,
    "use_expansion_hack": false
  }
  