{
    "processors": [
      {
        "processor_type": "minecraft:rule",
        "rules": [
          {
            "location_predicate": {
              "predicate_type": "minecraft:always_true"
            },
            "input_predicate": {
              "predicate_type": "minecraft:random_block_match",
              "block": "minecraft:barrel",
              "probability": 0.3
            },
            "output_state": {
              "Name": "minecraft:spruce_slab",
              "Properties": {
                "type": "top",
                "waterlogged": "false"
              }
            }
          },
          {
            "location_predicate": {
              "predicate_type": "minecraft:always_true"
            },
            "input_predicate": {
              "predicate_type": "minecraft:random_block_match",
              "block": "minecraft:cobweb",
              "probability": 0.65
            },
            "output_state": {
              "Name": "minecraft:air"
            }
          },
          {
            "location_predicate": {
              "predicate_type": "minecraft:always_true"
            },
            "input_predicate": {
              "predicate_type": "minecraft:random_block_match",
              "block": "minecraft:stripped_dark_oak_log",
              "probability": 0.1
            },
            "output_state": {
              "Name": "minecraft:air"
            }
          },
          {
            "location_predicate": {
              "predicate_type": "minecraft:always_true"
            },
            "input_predicate": {
              "predicate_type": "minecraft:random_block_match",
              "block": "minecraft:stripped_dark_oak_log",
              "probability": 0.15
            },
            "output_state": {
              "Name": "minecraft:cobweb"
            }
          }
        ]
      }
    ]
  }
  