{
    "processors": [
      {
        "processor_type": "minecraft:rule",
        "rules": [
          {
            "location_predicate": {
              "predicate_type": "minecraft:always_true"
            },
            "input_predicate": {
              "predicate_type": "minecraft:block_match",
              "block": "minecraft:white_wool"
            },
            "output_state": {
              "Name": "minecraft:gray_wool"
            }
          },
          {
            "location_predicate": {
              "predicate_type": "minecraft:always_true"
            },
            "input_predicate": {
              "predicate_type": "minecraft:block_match",
              "block": "minecraft:white_carpet"
            },
            "output_state": {
              "Name": "minecraft:gray_carpet"
            }
          },
          {
            "location_predicate": {
              "predicate_type": "minecraft:always_true"
            },
            "input_predicate": {
              "predicate_type": "minecraft:blockstate_match",
              "block_state": {
                "Name": "minecraft:white_wall_banner",
                "Properties": {
                  "facing": "north"
                }
              }
            },
            "output_state": {
              "Name": "minecraft:gray_wall_banner",
              "Properties": {
                "facing": "north"
              }
            }
          },
          {
            "location_predicate": {
              "predicate_type": "minecraft:always_true"
            },
            "input_predicate": {
              "predicate_type": "minecraft:block_match",
              "block": "minecraft:stone"
            },
            "output_state": {
              "Name": "minecraft:gray_bed",
              "Properties": {
                "part": "head",
                "facing": "south",
                "occupied": "false"
              }
            }
          },
          {
            "location_predicate": {
              "predicate_type": "minecraft:always_true"
            },
            "input_predicate": {
              "predicate_type": "minecraft:block_match",
              "block": "minecraft:andesite"
            },
            "output_state": {
              "Name": "minecraft:gray_bed",
              "Properties": {
                "part": "foot",
                "facing": "south",
                "occupied": "false"
              }
            }
          }
        ]
      }
    ]
  }
  