{
    "name": "sky:mountainous/lower",
    "fallback": "minecraft:empty",
    "elements": [
      {
        "weight": 1,
        "element": {
          "element_type": "minecraft:legacy_single_pool_element",
          "projection": "rigid",
          "location": "sky:mountainous/height/lower_1",
          "processors": "minecraft:empty"
        }
      },
      {
        "weight": 1,
        "element": {
          "element_type": "minecraft:legacy_single_pool_element",
          "projection": "rigid",
          "location": "sky:mountainous/height/lower_2",
          "processors": "minecraft:empty"
        }
      },
      {
        "weight": 1,
        "element": {
          "element_type": "minecraft:legacy_single_pool_element",
          "projection": "rigid",
          "location": "sky:mountainous/height/lower_3",
          "processors": "minecraft:empty"
        }
      }
    ]
  }