{
    "type": "minecraft:chest",
    "pools": [
      {
        "rolls": 1,
        "entries": [
          {
            "type": "minecraft:item",
            "name": "minecraft:paper",
            "functions": [
              {
                "function": "minecraft:set_name",
                "entity": "this",
                "name": {
                  "text": "Mysterious Note"
                }
              },
              {
                "function": "minecraft:set_lore",
                "entity": "this",
                "lore": [
                  {
                    "text": "The mission to hunt down",
                    "color": "#A3A3A3",
                    "font": "illageralt",
                    "italic": false
                  },
                  {
                    "text": "and slay the Warden has",
                    "color": "#A3A3A3",
                    "font": "illageralt",
                    "italic": false
                  },
                  {
                    "text": "failed. It is simply too powerful.",
                    "color": "#A3A3A3",
                    "font": "illageralt",
                    "italic": false
                  },
                  {
                    "text": "There is no escape to",
                    "color": "#A3A3A3",
                    "font": "illageralt",
                    "italic": false
                  },
                  {
                    "text": "this nightmare.",
                    "color": "#A3A3A3",
                    "font": "illageralt",
                    "italic": false
                  },
                  "",
                  {
                    "text": "Apollo's Additional Structures",
                    "color": "#3A1E79"
                  }
                ]
              }
            ],
            "conditions": [
              {
                "condition": "minecraft:random_chance",
                "chance": 0.15
              }
            ]
          }
        ]
      },
      {
        "rolls": {
          "min": 4,
          "max": 6
        },
        "entries": [
          {
            "type": "minecraft:item",
            "weight": 3,
            "name": "minecraft:soul_torch",
            "functions": [
              {
                "function": "minecraft:set_count",
                "count": {
                  "min": 2,
                  "max": 4
                }
              }
            ]
          },
          {
            "type": "minecraft:item",
            "weight": 4,
            "name": "minecraft:cobweb",
            "functions": [
              {
                "function": "minecraft:set_count",
                "count": {
                  "min": 2,
                  "max": 6
                }
              }
            ]
          },
          {
            "type": "minecraft:item",
            "weight": 1,
            "name": "minecraft:sculk_sensor"
          }
        ]
      },
      {
        "rolls": {
          "min": 3,
          "max": 6
        },
        "entries": [
          {
            "type": "minecraft:item",
            "weight": 20,
            "name": "minecraft:black_candle",
            "functions": [
              {
                "function": "minecraft:set_count",
                "count": {
                  "min": 2,
                  "max": 8
                }
              }
            ]
          },
          {
            "type": "minecraft:item",
            "weight": 30,
            "name": "minecraft:coal",
            "functions": [
              {
                "function": "minecraft:set_count",
                "count": {
                  "min": 4,
                  "max": 12
                }
              }
            ]
          },
          {
            "type": "minecraft:item",
            "weight": 20,
            "name": "minecraft:iron_ingot",
            "functions": [
              {
                "function": "minecraft:set_count",
                "count": {
                  "min": 1,
                  "max": {
                    "min": 4,
                    "max": 8
                  }
                }
              }
            ]
          },
          {
            "type": "minecraft:tag",
            "weight": 2,
            "name": "apollo:warden_cabin_armor",
            "expand": true,
            "functions": [
              {
                "function": "minecraft:enchant_with_levels",
                "levels": {
                  "min": 5,
                  "max": {
                    "min": 15,
                    "max": 25
                  }
                },
                "conditions": [
                  {
                    "condition": "minecraft:random_chance",
                    "chance": 0.75
                  }
                ]
              },
              {
                "function": "minecraft:set_damage",
                "damage": {
                  "min": 0.3,
                  "max": 0.95
                }
              }
            ]
          }
        ]
      },
      {
        "rolls": {
          "min": 1,
          "max": {
            "min": 1,
            "max": 4
          }
        },
        "entries": [
          {
            "type": "minecraft:item",
            "weight": 2,
            "name": "minecraft:golden_apple"
          },
          {
            "type": "minecraft:item",
            "weight": 1,
            "name": "minecraft:disc_fragment_5"
          },
          {
            "type": "minecraft:item",
            "weight": 2,
            "name": "minecraft:echo_shard",
            "functions": [
              {
                "function": "minecraft:set_count",
                "count": {
                  "min": 1,
                  "max": {
                    "min": 2,
                    "max": 4
                  }
                }
              }
            ]
          },
          {
            "type": "minecraft:item",
            "weight": 2,
            "name": "minecraft:diamond",
            "functions": [
              {
                "function": "minecraft:set_count",
                "count": {
                  "min": 1,
                  "max": 3
                }
              }
            ]
          },
          {
            "type": "minecraft:item",
            "weight": 1,
            "name": "minecraft:diamond_pickaxe",
            "functions": [
              {
                "function": "minecraft:set_damage",
                "damage": {
                  "min": 5,
                  "max": 25
                }
              },
              {
                "function": "minecraft:set_damage",
                "damage": {
                  "min": 0.3,
                  "max": 0.95
                }
              }
            ]
          }
        ]
      }
    ]
  }
  